[
  {
    "brand": "Atlantic",
    "model": "Générique",
    "unit_type": "Extérieur",
    "code": "A1",
    "title": "Erreur température refoulement compresseur",
    "category": "Sonde / Sécurité"
  },
  {
    "brand": "Atlantic",
    "model": "Générique",
    "unit_type": "Extérieur",
    "code": "A3",
    "title": "Erreur température refoulement compresseur (variante)",
    "category": "Sonde / Sécurité"
  },
  {
    "brand": "Daikin",
    "model": "VRV ancien",
    "unit_type": "Extérieur",
    "code": "U9",
    "title": "Erreur de communication (S1-S2)",
    "category": "Communication"
  },
  {
    "brand": "Daikin",
    "model": "Split mural",
    "unit_type": "Intérieur",
    "code": "A1",
    "title": "Carte électronique unité intérieure défaillante",
    "category": "Carte / Électronique"
  },
  {
    "brand": "Daikin",
    "model": "Split mural",
    "unit_type": "Intérieur",
    "code": "A3",
    "title": "Défaut évacuation condensats / flotteur",
    "category": "Drainage"
  }
]